starttime	seconds	ctime	dtime	ttime	wait
Thu Apr 20 08:32:26 2023	1681997546	0	4	4	2
Thu Apr 20 08:32:26 2023	1681997546	2	4	6	4
Thu Apr 20 08:32:26 2023	1681997546	2	6	8	6
Thu Apr 20 08:32:26 2023	1681997546	2	8	10	8
Thu Apr 20 08:32:26 2023	1681997546	2	8	10	8
Thu Apr 20 08:32:26 2023	1681997546	2	8	10	8
Thu Apr 20 08:32:26 2023	1681997546	2	9	11	9
Thu Apr 20 08:32:26 2023	1681997546	2	10	12	10
Thu Apr 20 08:32:26 2023	1681997546	2	10	12	10
Thu Apr 20 08:32:26 2023	1681997546	2	11	12	11
Thu Apr 20 08:32:26 2023	1681997546	2	12	13	12
Thu Apr 20 08:32:26 2023	1681997546	2	12	14	12
Thu Apr 20 08:32:26 2023	1681997546	2	14	16	14
Thu Apr 20 08:32:26 2023	1681997546	2	15	16	15
Thu Apr 20 08:32:26 2023	1681997546	2	15	17	15
Thu Apr 20 08:32:26 2023	1681997546	2	15	17	15
Thu Apr 20 08:32:26 2023	1681997546	2	18	19	18
Thu Apr 20 08:32:26 2023	1681997546	2	18	19	17
Thu Apr 20 08:32:26 2023	1681997546	2	19	21	19
Thu Apr 20 08:32:26 2023	1681997546	2	20	21	19
Thu Apr 20 08:32:26 2023	1681997546	2	20	22	20
Thu Apr 20 08:32:26 2023	1681997546	2	21	22	21
Thu Apr 20 08:32:26 2023	1681997546	2	22	24	22
Thu Apr 20 08:32:26 2023	1681997546	2	23	24	22
Thu Apr 20 08:32:26 2023	1681997546	2	23	25	23
Thu Apr 20 08:32:26 2023	1681997546	2	24	25	23
Thu Apr 20 08:32:26 2023	1681997546	2	26	27	25
Thu Apr 20 08:32:26 2023	1681997546	2	26	28	26
Thu Apr 20 08:32:26 2023	1681997546	2	27	28	27
Thu Apr 20 08:32:26 2023	1681997546	2	27	29	27
Thu Apr 20 08:32:26 2023	1681997546	2	28	29	28
Thu Apr 20 08:32:26 2023	1681997546	2	28	30	28
Thu Apr 20 08:32:26 2023	1681997546	2	29	30	28
Thu Apr 20 08:32:26 2023	1681997546	2	29	31	29
Thu Apr 20 08:32:26 2023	1681997546	2	29	31	29
Thu Apr 20 08:32:26 2023	1681997546	2	31	33	31
Thu Apr 20 08:32:26 2023	1681997546	2	32	34	32
Thu Apr 20 08:32:26 2023	1681997546	2	33	35	33
Thu Apr 20 08:32:26 2023	1681997546	2	35	37	35
Thu Apr 20 08:32:26 2023	1681997546	2	35	37	35
Thu Apr 20 08:32:26 2023	1681997546	2	36	38	36
Thu Apr 20 08:32:26 2023	1681997546	2	36	38	36
Thu Apr 20 08:32:26 2023	1681997546	2	37	39	37
Thu Apr 20 08:32:26 2023	1681997546	2	38	40	38
Thu Apr 20 08:32:26 2023	1681997546	2	39	41	39
Thu Apr 20 08:32:26 2023	1681997546	2	40	41	40
Thu Apr 20 08:32:26 2023	1681997546	2	41	43	40
Thu Apr 20 08:32:26 2023	1681997546	2	41	43	41
Thu Apr 20 08:32:26 2023	1681997546	2	41	43	41
Thu Apr 20 08:32:26 2023	1681997546	2	42	44	42
Thu Apr 20 08:32:26 2023	1681997546	2	43	45	43
Thu Apr 20 08:32:26 2023	1681997546	4	41	45	41
Thu Apr 20 08:32:26 2023	1681997546	4	42	45	42
Thu Apr 20 08:32:26 2023	1681997546	2	44	46	44
Thu Apr 20 08:32:26 2023	1681997546	4	44	47	44
Thu Apr 20 08:32:26 2023	1681997546	4	44	48	44
Thu Apr 20 08:32:26 2023	1681997546	4	45	48	45
Thu Apr 20 08:32:26 2023	1681997546	2	47	49	47
Thu Apr 20 08:32:26 2023	1681997546	4	46	50	46
Thu Apr 20 08:32:26 2023	1681997546	4	46	50	46
Thu Apr 20 08:32:26 2023	1681997546	2	49	51	49
Thu Apr 20 08:32:26 2023	1681997546	4	48	52	48
Thu Apr 20 08:32:26 2023	1681997546	4	48	52	48
Thu Apr 20 08:32:26 2023	1681997546	4	49	53	49
Thu Apr 20 08:32:26 2023	1681997546	4	50	53	50
Thu Apr 20 08:32:26 2023	1681997546	4	52	55	52
Thu Apr 20 08:32:26 2023	1681997546	4	52	56	52
Thu Apr 20 08:32:26 2023	1681997546	4	53	56	53
Thu Apr 20 08:32:26 2023	1681997546	4	55	58	55
Thu Apr 20 08:32:26 2023	1681997546	4	55	59	55
Thu Apr 20 08:32:26 2023	1681997546	4	56	60	56
Thu Apr 20 08:32:26 2023	1681997546	4	57	61	57
Thu Apr 20 08:32:26 2023	1681997546	4	58	62	58
Thu Apr 20 08:32:26 2023	1681997546	4	60	63	59
Thu Apr 20 08:32:26 2023	1681997546	4	61	64	61
Thu Apr 20 08:32:26 2023	1681997546	4	62	66	62
Thu Apr 20 08:32:26 2023	1681997546	4	63	66	63
Thu Apr 20 08:32:26 2023	1681997546	0	67	67	67
Thu Apr 20 08:32:26 2023	1681997546	0	67	67	67
Thu Apr 20 08:32:26 2023	1681997546	0	67	67	67
Thu Apr 20 08:32:26 2023	1681997546	0	67	68	67
Thu Apr 20 08:32:26 2023	1681997546	4	64	68	64
Thu Apr 20 08:32:26 2023	1681997546	0	68	68	68
Thu Apr 20 08:32:26 2023	1681997546	0	68	68	68
Thu Apr 20 08:32:26 2023	1681997546	0	68	68	68
Thu Apr 20 08:32:26 2023	1681997546	0	68	68	68
Thu Apr 20 08:32:26 2023	1681997546	0	68	69	68
Thu Apr 20 08:32:26 2023	1681997546	4	65	69	65
Thu Apr 20 08:32:26 2023	1681997546	4	65	69	65
Thu Apr 20 08:32:26 2023	1681997546	0	69	69	69
Thu Apr 20 08:32:26 2023	1681997546	0	69	69	69
Thu Apr 20 08:32:26 2023	1681997546	0	69	69	69
Thu Apr 20 08:32:26 2023	1681997546	0	69	69	69
Thu Apr 20 08:32:26 2023	1681997546	0	69	69	69
Thu Apr 20 08:32:26 2023	1681997546	0	69	69	69
Thu Apr 20 08:32:26 2023	1681997546	0	69	69	69
Thu Apr 20 08:32:26 2023	1681997546	0	69	69	69
Thu Apr 20 08:32:26 2023	1681997546	0	69	69	69
Thu Apr 20 08:32:26 2023	1681997546	0	69	69	69
Thu Apr 20 08:32:26 2023	1681997546	0	69	69	69
Thu Apr 20 08:32:26 2023	1681997546	0	69	70	69
Thu Apr 20 08:32:26 2023	1681997546	0	69	70	69
Thu Apr 20 08:32:26 2023	1681997546	0	69	70	69
Thu Apr 20 08:32:26 2023	1681997546	0	70	70	69
Thu Apr 20 08:32:26 2023	1681997546	0	69	70	69
Thu Apr 20 08:32:26 2023	1681997546	0	70	70	69
Thu Apr 20 08:32:26 2023	1681997546	0	69	70	69
Thu Apr 20 08:32:26 2023	1681997546	0	70	70	69
Thu Apr 20 08:32:26 2023	1681997546	0	70	70	70
Thu Apr 20 08:32:26 2023	1681997546	3	66	70	66
Thu Apr 20 08:32:26 2023	1681997546	0	70	70	70
Thu Apr 20 08:32:26 2023	1681997546	0	70	70	70
Thu Apr 20 08:32:26 2023	1681997546	0	70	70	70
Thu Apr 20 08:32:26 2023	1681997546	0	70	70	70
Thu Apr 20 08:32:26 2023	1681997546	0	70	70	70
Thu Apr 20 08:32:26 2023	1681997546	0	70	70	70
Thu Apr 20 08:32:26 2023	1681997546	0	70	70	70
Thu Apr 20 08:32:26 2023	1681997546	0	70	70	70
Thu Apr 20 08:32:26 2023	1681997546	0	70	70	70
Thu Apr 20 08:32:26 2023	1681997546	0	70	70	70
Thu Apr 20 08:32:26 2023	1681997546	0	70	70	70
Thu Apr 20 08:32:26 2023	1681997546	0	70	70	70
Thu Apr 20 08:32:26 2023	1681997546	0	70	70	70
Thu Apr 20 08:32:26 2023	1681997546	0	70	70	70
Thu Apr 20 08:32:26 2023	1681997546	0	70	70	70
Thu Apr 20 08:32:26 2023	1681997546	0	71	71	70
Thu Apr 20 08:32:26 2023	1681997546	0	71	71	70
Thu Apr 20 08:32:26 2023	1681997546	0	71	71	71
Thu Apr 20 08:32:26 2023	1681997546	0	71	71	71
Thu Apr 20 08:32:26 2023	1681997546	0	71	71	71
Thu Apr 20 08:32:26 2023	1681997546	0	71	71	71
Thu Apr 20 08:32:26 2023	1681997546	0	71	71	71
Thu Apr 20 08:32:26 2023	1681997546	0	71	71	71
Thu Apr 20 08:32:26 2023	1681997546	0	71	71	71
Thu Apr 20 08:32:26 2023	1681997546	0	71	71	71
Thu Apr 20 08:32:26 2023	1681997546	0	71	71	71
Thu Apr 20 08:32:26 2023	1681997546	0	71	71	71
Thu Apr 20 08:32:26 2023	1681997546	0	71	71	71
Thu Apr 20 08:32:26 2023	1681997546	0	71	71	71
Thu Apr 20 08:32:26 2023	1681997546	0	71	71	71
Thu Apr 20 08:32:26 2023	1681997546	0	71	71	71
Thu Apr 20 08:32:26 2023	1681997546	0	71	71	71
Thu Apr 20 08:32:26 2023	1681997546	0	71	71	71
Thu Apr 20 08:32:26 2023	1681997546	0	71	71	71
Thu Apr 20 08:32:26 2023	1681997546	0	71	71	71
Thu Apr 20 08:32:26 2023	1681997546	0	71	71	71
Thu Apr 20 08:32:26 2023	1681997546	0	71	71	71
Thu Apr 20 08:32:26 2023	1681997546	0	71	71	71
Thu Apr 20 08:32:26 2023	1681997546	0	71	72	71
Thu Apr 20 08:32:26 2023	1681997546	0	71	72	71
Thu Apr 20 08:32:26 2023	1681997546	0	71	72	71
Thu Apr 20 08:32:26 2023	1681997546	0	71	72	71
Thu Apr 20 08:32:26 2023	1681997546	0	72	72	71
Thu Apr 20 08:32:26 2023	1681997546	0	72	72	71
Thu Apr 20 08:32:26 2023	1681997546	0	72	72	72
Thu Apr 20 08:32:26 2023	1681997546	0	72	72	72
Thu Apr 20 08:32:26 2023	1681997546	0	72	72	72
Thu Apr 20 08:32:26 2023	1681997546	0	72	72	72
Thu Apr 20 08:32:26 2023	1681997546	0	72	72	72
Thu Apr 20 08:32:26 2023	1681997546	0	72	72	72
Thu Apr 20 08:32:26 2023	1681997546	3	69	72	69
Thu Apr 20 08:32:26 2023	1681997546	0	72	72	72
Thu Apr 20 08:32:26 2023	1681997546	0	72	72	72
Thu Apr 20 08:32:26 2023	1681997546	0	72	72	72
Thu Apr 20 08:32:26 2023	1681997546	0	72	72	72
Thu Apr 20 08:32:26 2023	1681997546	0	72	72	72
Thu Apr 20 08:32:26 2023	1681997546	0	72	72	72
Thu Apr 20 08:32:26 2023	1681997546	0	72	72	72
Thu Apr 20 08:32:26 2023	1681997546	0	72	72	72
Thu Apr 20 08:32:26 2023	1681997546	0	72	72	72
Thu Apr 20 08:32:26 2023	1681997546	0	72	72	72
Thu Apr 20 08:32:26 2023	1681997546	0	72	73	72
Thu Apr 20 08:32:26 2023	1681997546	0	72	73	72
Thu Apr 20 08:32:26 2023	1681997546	0	73	73	72
Thu Apr 20 08:32:26 2023	1681997546	0	73	73	72
Thu Apr 20 08:32:26 2023	1681997546	0	73	73	72
Thu Apr 20 08:32:26 2023	1681997546	0	73	73	73
Thu Apr 20 08:32:26 2023	1681997546	0	73	73	73
Thu Apr 20 08:32:26 2023	1681997546	0	73	73	73
Thu Apr 20 08:32:26 2023	1681997546	0	73	73	73
Thu Apr 20 08:32:26 2023	1681997546	0	73	73	73
Thu Apr 20 08:32:26 2023	1681997546	0	73	73	73
Thu Apr 20 08:32:26 2023	1681997546	0	73	73	73
Thu Apr 20 08:32:26 2023	1681997546	0	73	73	73
Thu Apr 20 08:32:26 2023	1681997546	0	73	73	73
Thu Apr 20 08:32:26 2023	1681997546	0	73	73	73
Thu Apr 20 08:32:26 2023	1681997546	0	73	73	73
Thu Apr 20 08:32:26 2023	1681997546	0	73	73	73
Thu Apr 20 08:32:26 2023	1681997546	0	73	73	73
Thu Apr 20 08:32:26 2023	1681997546	0	73	73	73
Thu Apr 20 08:32:26 2023	1681997546	0	73	73	73
Thu Apr 20 08:32:26 2023	1681997546	0	73	73	73
Thu Apr 20 08:32:26 2023	1681997546	0	73	73	73
Thu Apr 20 08:32:26 2023	1681997546	0	73	73	73
Thu Apr 20 08:32:26 2023	1681997546	0	73	73	73
Thu Apr 20 08:32:26 2023	1681997546	0	73	73	73
Thu Apr 20 08:32:26 2023	1681997546	0	73	73	73
Thu Apr 20 08:32:26 2023	1681997546	3	70	73	70
Thu Apr 20 08:32:26 2023	1681997546	0	73	73	73
Thu Apr 20 08:32:26 2023	1681997546	0	73	73	73
Thu Apr 20 08:32:26 2023	1681997546	0	73	73	73
Thu Apr 20 08:32:26 2023	1681997546	0	73	73	73
Thu Apr 20 08:32:26 2023	1681997546	0	73	73	73
Thu Apr 20 08:32:26 2023	1681997546	0	73	73	73
Thu Apr 20 08:32:26 2023	1681997546	0	73	73	73
Thu Apr 20 08:32:26 2023	1681997546	0	73	74	73
Thu Apr 20 08:32:26 2023	1681997546	0	74	74	73
Thu Apr 20 08:32:26 2023	1681997546	0	74	74	74
Thu Apr 20 08:32:26 2023	1681997546	0	74	74	74
Thu Apr 20 08:32:26 2023	1681997546	0	74	74	74
Thu Apr 20 08:32:26 2023	1681997546	0	74	74	74
Thu Apr 20 08:32:26 2023	1681997546	0	74	74	74
Thu Apr 20 08:32:26 2023	1681997546	0	74	74	74
Thu Apr 20 08:32:26 2023	1681997546	0	74	74	74
Thu Apr 20 08:32:26 2023	1681997546	0	74	74	74
Thu Apr 20 08:32:26 2023	1681997546	0	74	74	74
Thu Apr 20 08:32:26 2023	1681997546	0	74	74	74
Thu Apr 20 08:32:26 2023	1681997546	0	74	74	74
Thu Apr 20 08:32:26 2023	1681997546	0	74	74	74
Thu Apr 20 08:32:26 2023	1681997546	0	74	74	74
Thu Apr 20 08:32:26 2023	1681997546	0	74	74	74
Thu Apr 20 08:32:26 2023	1681997546	4	71	74	70
Thu Apr 20 08:32:26 2023	1681997546	0	74	74	74
Thu Apr 20 08:32:26 2023	1681997546	0	74	74	74
Thu Apr 20 08:32:26 2023	1681997546	0	74	74	74
Thu Apr 20 08:32:26 2023	1681997546	0	74	74	74
Thu Apr 20 08:32:26 2023	1681997546	0	74	74	74
Thu Apr 20 08:32:26 2023	1681997546	0	74	74	74
Thu Apr 20 08:32:26 2023	1681997546	0	74	74	74
Thu Apr 20 08:32:26 2023	1681997546	0	74	74	74
Thu Apr 20 08:32:26 2023	1681997546	0	74	74	74
Thu Apr 20 08:32:26 2023	1681997546	0	74	74	74
Thu Apr 20 08:32:26 2023	1681997546	0	74	74	74
Thu Apr 20 08:32:26 2023	1681997546	3	71	74	71
Thu Apr 20 08:32:26 2023	1681997546	0	74	75	74
Thu Apr 20 08:32:26 2023	1681997546	0	74	75	74
Thu Apr 20 08:32:26 2023	1681997546	0	75	75	74
Thu Apr 20 08:32:26 2023	1681997546	0	75	75	75
Thu Apr 20 08:32:26 2023	1681997546	0	75	75	75
Thu Apr 20 08:32:26 2023	1681997546	0	75	75	75
Thu Apr 20 08:32:26 2023	1681997546	0	75	75	75
Thu Apr 20 08:32:26 2023	1681997546	0	75	75	75
Thu Apr 20 08:32:26 2023	1681997546	0	75	75	75
Thu Apr 20 08:32:26 2023	1681997546	0	75	75	75
Thu Apr 20 08:32:26 2023	1681997546	0	75	75	75
Thu Apr 20 08:32:26 2023	1681997546	0	75	75	75
Thu Apr 20 08:32:26 2023	1681997546	0	75	75	75
Thu Apr 20 08:32:26 2023	1681997546	3	72	75	72
Thu Apr 20 08:32:26 2023	1681997546	0	75	75	75
Thu Apr 20 08:32:26 2023	1681997546	0	75	75	75
Thu Apr 20 08:32:26 2023	1681997546	0	75	75	75
Thu Apr 20 08:32:26 2023	1681997546	0	75	75	75
Thu Apr 20 08:32:26 2023	1681997546	0	75	75	75
Thu Apr 20 08:32:26 2023	1681997546	0	75	76	75
Thu Apr 20 08:32:26 2023	1681997546	0	75	76	75
Thu Apr 20 08:32:26 2023	1681997546	3	72	76	72
Thu Apr 20 08:32:26 2023	1681997546	0	76	76	76
Thu Apr 20 08:32:26 2023	1681997546	0	76	76	76
Thu Apr 20 08:32:26 2023	1681997546	0	76	76	76
Thu Apr 20 08:32:26 2023	1681997546	0	76	76	76
Thu Apr 20 08:32:26 2023	1681997546	0	76	76	76
Thu Apr 20 08:32:26 2023	1681997546	0	76	76	76
Thu Apr 20 08:32:26 2023	1681997546	0	76	76	76
Thu Apr 20 08:32:26 2023	1681997546	0	76	76	76
Thu Apr 20 08:32:26 2023	1681997546	0	76	76	76
Thu Apr 20 08:32:26 2023	1681997546	0	76	76	76
Thu Apr 20 08:32:26 2023	1681997546	0	76	76	76
Thu Apr 20 08:32:26 2023	1681997546	0	76	76	76
Thu Apr 20 08:32:26 2023	1681997546	0	76	76	76
Thu Apr 20 08:32:26 2023	1681997546	0	76	76	76
Thu Apr 20 08:32:26 2023	1681997546	0	76	76	76
Thu Apr 20 08:32:26 2023	1681997546	0	76	76	76
Thu Apr 20 08:32:26 2023	1681997546	0	76	76	76
Thu Apr 20 08:32:26 2023	1681997546	0	76	76	76
Thu Apr 20 08:32:26 2023	1681997546	0	76	76	76
Thu Apr 20 08:32:26 2023	1681997546	0	76	76	76
Thu Apr 20 08:32:26 2023	1681997546	3	73	76	73
Thu Apr 20 08:32:26 2023	1681997546	0	76	76	76
Thu Apr 20 08:32:26 2023	1681997546	0	77	77	76
Thu Apr 20 08:32:26 2023	1681997546	0	77	77	76
Thu Apr 20 08:32:26 2023	1681997546	0	77	77	76
Thu Apr 20 08:32:26 2023	1681997546	0	77	77	77
Thu Apr 20 08:32:26 2023	1681997546	3	73	77	73
Thu Apr 20 08:32:26 2023	1681997546	0	77	77	77
Thu Apr 20 08:32:26 2023	1681997546	0	77	77	77
Thu Apr 20 08:32:26 2023	1681997546	0	77	77	77
Thu Apr 20 08:32:26 2023	1681997546	0	77	77	77
Thu Apr 20 08:32:26 2023	1681997546	0	77	77	77
Thu Apr 20 08:32:26 2023	1681997546	0	77	77	77
Thu Apr 20 08:32:26 2023	1681997546	0	77	77	77
Thu Apr 20 08:32:26 2023	1681997546	0	77	77	77
Thu Apr 20 08:32:26 2023	1681997546	0	77	77	77
Thu Apr 20 08:32:26 2023	1681997546	0	77	77	77
Thu Apr 20 08:32:26 2023	1681997546	0	77	77	77
Thu Apr 20 08:32:26 2023	1681997546	0	77	77	77
Thu Apr 20 08:32:26 2023	1681997546	0	77	77	77
Thu Apr 20 08:32:26 2023	1681997546	0	77	77	77
Thu Apr 20 08:32:26 2023	1681997546	0	77	77	77
Thu Apr 20 08:32:26 2023	1681997546	0	77	77	77
Thu Apr 20 08:32:26 2023	1681997546	0	77	77	77
Thu Apr 20 08:32:26 2023	1681997546	0	77	77	77
Thu Apr 20 08:32:26 2023	1681997546	0	77	77	77
Thu Apr 20 08:32:26 2023	1681997546	0	77	78	77
Thu Apr 20 08:32:26 2023	1681997546	0	77	78	77
Thu Apr 20 08:32:26 2023	1681997546	0	77	78	77
Thu Apr 20 08:32:26 2023	1681997546	0	77	78	77
Thu Apr 20 08:32:26 2023	1681997546	0	77	78	77
Thu Apr 20 08:32:26 2023	1681997546	0	78	78	77
Thu Apr 20 08:32:26 2023	1681997546	0	78	78	77
Thu Apr 20 08:32:26 2023	1681997546	0	78	78	78
Thu Apr 20 08:32:26 2023	1681997546	3	74	78	74
Thu Apr 20 08:32:26 2023	1681997546	0	78	78	78
Thu Apr 20 08:32:26 2023	1681997546	0	78	78	78
Thu Apr 20 08:32:26 2023	1681997546	0	78	78	78
Thu Apr 20 08:32:26 2023	1681997546	0	78	78	78
Thu Apr 20 08:32:26 2023	1681997546	0	78	78	78
Thu Apr 20 08:32:26 2023	1681997546	0	78	78	78
Thu Apr 20 08:32:26 2023	1681997546	0	78	78	78
Thu Apr 20 08:32:26 2023	1681997546	0	78	78	78
Thu Apr 20 08:32:26 2023	1681997546	3	75	78	75
Thu Apr 20 08:32:26 2023	1681997546	0	78	78	78
Thu Apr 20 08:32:26 2023	1681997546	0	78	78	78
Thu Apr 20 08:32:26 2023	1681997546	0	78	78	78
Thu Apr 20 08:32:26 2023	1681997546	0	78	78	78
Thu Apr 20 08:32:26 2023	1681997546	0	78	78	78
Thu Apr 20 08:32:26 2023	1681997546	0	78	78	78
Thu Apr 20 08:32:26 2023	1681997546	0	78	78	78
Thu Apr 20 08:32:26 2023	1681997546	0	78	78	78
Thu Apr 20 08:32:26 2023	1681997546	0	78	79	78
Thu Apr 20 08:32:26 2023	1681997546	0	78	79	78
Thu Apr 20 08:32:26 2023	1681997546	0	78	79	78
Thu Apr 20 08:32:26 2023	1681997546	0	78	79	78
Thu Apr 20 08:32:26 2023	1681997546	0	79	79	78
Thu Apr 20 08:32:26 2023	1681997546	0	79	79	78
Thu Apr 20 08:32:26 2023	1681997546	0	79	79	78
Thu Apr 20 08:32:26 2023	1681997546	0	79	79	79
Thu Apr 20 08:32:26 2023	1681997546	0	79	79	79
Thu Apr 20 08:32:26 2023	1681997546	0	79	79	79
Thu Apr 20 08:32:26 2023	1681997546	0	79	79	79
Thu Apr 20 08:32:26 2023	1681997546	0	79	79	79
Thu Apr 20 08:32:26 2023	1681997546	0	79	79	79
Thu Apr 20 08:32:26 2023	1681997546	0	79	79	79
Thu Apr 20 08:32:26 2023	1681997546	0	79	79	79
Thu Apr 20 08:32:26 2023	1681997546	0	79	79	79
Thu Apr 20 08:32:26 2023	1681997546	0	79	79	79
Thu Apr 20 08:32:26 2023	1681997546	0	79	79	79
Thu Apr 20 08:32:26 2023	1681997546	0	79	79	79
Thu Apr 20 08:32:26 2023	1681997546	0	79	79	79
Thu Apr 20 08:32:26 2023	1681997546	0	79	79	79
Thu Apr 20 08:32:26 2023	1681997546	0	79	79	79
Thu Apr 20 08:32:26 2023	1681997546	3	76	79	75
Thu Apr 20 08:32:26 2023	1681997546	0	79	79	79
Thu Apr 20 08:32:26 2023	1681997546	0	79	79	79
Thu Apr 20 08:32:26 2023	1681997546	0	79	79	79
Thu Apr 20 08:32:26 2023	1681997546	0	79	79	79
Thu Apr 20 08:32:26 2023	1681997546	3	76	79	76
Thu Apr 20 08:32:26 2023	1681997546	0	79	79	79
Thu Apr 20 08:32:26 2023	1681997546	0	79	79	79
Thu Apr 20 08:32:26 2023	1681997546	0	79	79	79
Thu Apr 20 08:32:26 2023	1681997546	0	79	79	79
Thu Apr 20 08:32:26 2023	1681997546	0	79	79	79
Thu Apr 20 08:32:26 2023	1681997546	0	79	79	79
Thu Apr 20 08:32:26 2023	1681997546	0	79	79	79
Thu Apr 20 08:32:26 2023	1681997546	0	79	79	79
Thu Apr 20 08:32:26 2023	1681997546	0	79	79	79
Thu Apr 20 08:32:26 2023	1681997546	0	79	79	79
Thu Apr 20 08:32:26 2023	1681997546	0	79	79	79
Thu Apr 20 08:32:26 2023	1681997546	0	79	79	79
Thu Apr 20 08:32:26 2023	1681997546	0	79	80	79
Thu Apr 20 08:32:26 2023	1681997546	0	79	80	79
Thu Apr 20 08:32:26 2023	1681997546	0	80	80	79
Thu Apr 20 08:32:26 2023	1681997546	0	80	80	79
Thu Apr 20 08:32:26 2023	1681997546	0	80	80	80
Thu Apr 20 08:32:26 2023	1681997546	0	80	80	80
Thu Apr 20 08:32:26 2023	1681997546	0	80	80	80
Thu Apr 20 08:32:26 2023	1681997546	0	80	80	80
Thu Apr 20 08:32:26 2023	1681997546	0	80	80	80
Thu Apr 20 08:32:26 2023	1681997546	0	80	80	80
Thu Apr 20 08:32:26 2023	1681997546	0	80	80	80
Thu Apr 20 08:32:26 2023	1681997546	0	80	80	80
Thu Apr 20 08:32:26 2023	1681997546	0	80	80	80
Thu Apr 20 08:32:26 2023	1681997546	0	80	80	80
Thu Apr 20 08:32:26 2023	1681997546	0	80	80	80
Thu Apr 20 08:32:26 2023	1681997546	0	80	80	80
Thu Apr 20 08:32:26 2023	1681997546	0	80	80	80
Thu Apr 20 08:32:26 2023	1681997546	0	80	80	80
Thu Apr 20 08:32:26 2023	1681997546	0	80	80	80
Thu Apr 20 08:32:26 2023	1681997546	0	80	81	80
Thu Apr 20 08:32:26 2023	1681997546	0	81	81	80
Thu Apr 20 08:32:26 2023	1681997546	0	81	81	80
Thu Apr 20 08:32:26 2023	1681997546	0	81	81	81
Thu Apr 20 08:32:26 2023	1681997546	0	81	81	81
Thu Apr 20 08:32:26 2023	1681997546	0	81	81	81
Thu Apr 20 08:32:26 2023	1681997546	0	81	81	81
Thu Apr 20 08:32:26 2023	1681997546	0	81	81	81
Thu Apr 20 08:32:26 2023	1681997546	0	81	81	81
Thu Apr 20 08:32:26 2023	1681997546	0	81	81	81
Thu Apr 20 08:32:26 2023	1681997546	0	81	81	81
Thu Apr 20 08:32:26 2023	1681997546	0	81	81	81
Thu Apr 20 08:32:26 2023	1681997546	0	81	81	81
Thu Apr 20 08:32:26 2023	1681997546	3	78	81	78
Thu Apr 20 08:32:26 2023	1681997546	0	81	81	81
Thu Apr 20 08:32:26 2023	1681997546	0	81	81	81
Thu Apr 20 08:32:26 2023	1681997546	0	81	81	81
Thu Apr 20 08:32:26 2023	1681997546	0	81	81	81
Thu Apr 20 08:32:26 2023	1681997546	0	81	81	81
Thu Apr 20 08:32:26 2023	1681997546	0	81	81	81
Thu Apr 20 08:32:26 2023	1681997546	3	78	81	78
Thu Apr 20 08:32:26 2023	1681997546	0	82	82	81
Thu Apr 20 08:32:26 2023	1681997546	0	82	82	81
Thu Apr 20 08:32:26 2023	1681997546	0	82	82	82
Thu Apr 20 08:32:26 2023	1681997546	0	82	82	82
Thu Apr 20 08:32:26 2023	1681997546	0	82	82	82
Thu Apr 20 08:32:26 2023	1681997546	0	82	82	82
Thu Apr 20 08:32:26 2023	1681997546	0	82	82	82
Thu Apr 20 08:32:26 2023	1681997546	0	82	82	82
Thu Apr 20 08:32:26 2023	1681997546	0	82	82	82
Thu Apr 20 08:32:26 2023	1681997546	0	82	82	82
Thu Apr 20 08:32:26 2023	1681997546	0	82	82	82
Thu Apr 20 08:32:26 2023	1681997546	0	82	82	82
Thu Apr 20 08:32:26 2023	1681997546	0	82	82	82
Thu Apr 20 08:32:26 2023	1681997546	0	82	82	82
Thu Apr 20 08:32:26 2023	1681997546	0	82	82	82
Thu Apr 20 08:32:26 2023	1681997546	0	82	82	82
Thu Apr 20 08:32:26 2023	1681997546	0	82	82	82
Thu Apr 20 08:32:26 2023	1681997546	0	82	82	82
Thu Apr 20 08:32:26 2023	1681997546	0	82	82	82
Thu Apr 20 08:32:26 2023	1681997546	0	82	83	82
Thu Apr 20 08:32:26 2023	1681997546	0	83	83	82
Thu Apr 20 08:32:26 2023	1681997546	0	83	83	83
Thu Apr 20 08:32:26 2023	1681997546	0	83	83	83
Thu Apr 20 08:32:26 2023	1681997546	0	83	83	83
Thu Apr 20 08:32:26 2023	1681997546	0	83	83	83
Thu Apr 20 08:32:26 2023	1681997546	0	83	83	83
Thu Apr 20 08:32:26 2023	1681997546	0	83	83	83
Thu Apr 20 08:32:26 2023	1681997546	0	83	83	83
Thu Apr 20 08:32:26 2023	1681997546	0	83	83	83
Thu Apr 20 08:32:26 2023	1681997546	0	83	83	83
Thu Apr 20 08:32:26 2023	1681997546	3	80	83	80
Thu Apr 20 08:32:26 2023	1681997546	0	83	84	83
Thu Apr 20 08:32:26 2023	1681997546	0	84	84	84
Thu Apr 20 08:32:26 2023	1681997546	0	84	84	84
Thu Apr 20 08:32:26 2023	1681997546	0	84	84	84
Thu Apr 20 08:32:26 2023	1681997546	0	84	84	84
Thu Apr 20 08:32:26 2023	1681997546	0	84	84	84
Thu Apr 20 08:32:26 2023	1681997546	0	84	84	84
Thu Apr 20 08:32:26 2023	1681997546	0	84	84	84
Thu Apr 20 08:32:26 2023	1681997546	0	84	84	84
Thu Apr 20 08:32:26 2023	1681997546	0	84	84	84
Thu Apr 20 08:32:26 2023	1681997546	0	84	85	84
Thu Apr 20 08:32:26 2023	1681997546	0	85	85	85
Thu Apr 20 08:32:26 2023	1681997546	0	85	85	85
Thu Apr 20 08:32:26 2023	1681997546	0	85	85	85
Thu Apr 20 08:32:26 2023	1681997546	0	85	85	85
Thu Apr 20 08:32:26 2023	1681997546	0	85	85	85
Thu Apr 20 08:32:26 2023	1681997546	0	86	86	85
Thu Apr 20 08:32:26 2023	1681997546	0	86	86	86
Thu Apr 20 08:32:26 2023	1681997546	0	86	86	86
Thu Apr 20 08:32:26 2023	1681997546	0	86	86	86
Thu Apr 20 08:32:26 2023	1681997546	0	86	86	86
Thu Apr 20 08:32:26 2023	1681997546	0	87	87	86
Thu Apr 20 08:32:26 2023	1681997546	4	83	87	83
Thu Apr 20 08:32:26 2023	1681997546	0	87	87	87
Thu Apr 20 08:32:26 2023	1681997546	0	87	87	87
Thu Apr 20 08:32:26 2023	1681997546	0	88	88	88
Thu Apr 20 08:32:26 2023	1681997546	0	88	88	88
Thu Apr 20 08:32:26 2023	1681997546	0	88	88	88
Thu Apr 20 08:32:26 2023	1681997546	0	89	89	89
Thu Apr 20 08:32:26 2023	1681997546	0	90	90	89
Thu Apr 20 08:32:26 2023	1681997546	0	90	90	90
Thu Apr 20 08:32:26 2023	1681997546	0	93	93	93
Thu Apr 20 08:32:26 2023	1681997546	0	94	95	94
Thu Apr 20 08:32:26 2023	1681997546	0	96	96	96
Thu Apr 20 08:32:26 2023	1681997546	4	93	97	93
Thu Apr 20 08:32:26 2023	1681997546	0	97	97	97
Thu Apr 20 08:32:26 2023	1681997546	3	94	97	94
Thu Apr 20 08:32:26 2023	1681997546	0	97	97	97
Thu Apr 20 08:32:26 2023	1681997546	0	98	98	98
Thu Apr 20 08:32:26 2023	1681997546	0	99	99	99
Thu Apr 20 08:32:26 2023	1681997546	0	99	100	99
Thu Apr 20 08:32:26 2023	1681997546	2	98	100	98
Thu Apr 20 08:32:26 2023	1681997546	0	105	105	105
Thu Apr 20 08:32:26 2023	1681997546	0	106	106	106
Thu Apr 20 08:32:26 2023	1681997546	0	108	108	108
Thu Apr 20 08:32:26 2023	1681997546	0	109	109	109
Thu Apr 20 08:32:26 2023	1681997546	0	111	111	111
Thu Apr 20 08:32:26 2023	1681997546	0	113	113	113
Thu Apr 20 08:32:26 2023	1681997546	0	114	114	114
Thu Apr 20 08:32:26 2023	1681997546	0	114	114	114
Thu Apr 20 08:32:26 2023	1681997546	0	115	115	115
Thu Apr 20 08:32:26 2023	1681997546	0	115	115	115
Thu Apr 20 08:32:26 2023	1681997546	0	115	115	115
Thu Apr 20 08:32:26 2023	1681997546	0	134	134	134
Thu Apr 20 08:32:26 2023	1681997546	4	133	137	133
Thu Apr 20 08:32:26 2023	1681997546	0	137	137	137
Thu Apr 20 08:32:26 2023	1681997546	0	142	142	141
Thu Apr 20 08:32:26 2023	1681997546	0	176	177	176
Thu Apr 20 08:32:26 2023	1681997546	0	253	253	253
Thu Apr 20 08:32:26 2023	1681997546	0	261	261	261
Thu Apr 20 08:32:26 2023	1681997546	0	272	272	272
